oblast,raion,hromada,level,started_at,finished_at,source
Lvivska oblast,,,oblast,2022-03-15 16:17:29+00:00,2022-03-15 17:16:23+00:00,official
Lvivska oblast,,,oblast,2022-03-16 00:50:53+00:00,2022-03-16 03:24:08+00:00,official
Lvivska oblast,,,oblast,2022-03-17 02:16:46+00:00,2022-03-17 02:53:45+00:00,official
Lvivska oblast,,,oblast,2022-03-18 04:08:35+00:00,2022-03-18 04:47:51+00:00,official
Lvivska oblast,,,oblast,2022-03-19 09:33:47+00:00,2022-03-19 09:54:29+00:00,official
Lvivska oblast,,,oblast,2022-03-19 13:15:55+00:00,2022-03-19 14:33:32+00:00,official
Lvivska oblast,,,oblast,2022-03-20 03:27:17+00:00,2022-03-20 04:34:15+00:00,official
Lvivska oblast,,,oblast,2022-03-20 23:32:27+00:00,2022-03-21 00:45:31+00:00,official
Lvivska oblast,,,oblast,2022-03-21 04:52:48+00:00,2022-03-21 05:41:13+00:00,official
Lvivska oblast,,,oblast,2022-03-21 08:39:51+00:00,2022-03-21 09:00:15+00:00,official
Lvivska oblast,,,oblast,2022-03-21 09:16:07+00:00,2022-03-21 09:44:07+00:00,official
Lvivska oblast,,,oblast,2022-03-21 14:16:24+00:00,2022-03-21 16:59:51+00:00,official
Lvivska oblast,,,oblast,2022-03-22 04:53:47+00:00,2022-03-22 06:19:55+00:00,official
Lvivska oblast,,,oblast,2022-03-22 11:23:20+00:00,2022-03-22 11:35:32+00:00,official
Lvivska oblast,,,oblast,2022-03-22 13:17:15+00:00,2022-03-22 14:31:37+00:00,official
Lvivska oblast,,,oblast,2022-03-22 15:42:47+00:00,2022-03-22 17:49:59+00:00,official
Lvivska oblast,,,oblast,2022-03-22 18:30:33+00:00,2022-03-22 19:11:06+00:00,official
Lvivska oblast,,,oblast,2022-03-25 14:16:29+00:00,2022-03-25 15:28:27+00:00,official
Lvivska oblast,,,oblast,2022-03-26 14:12:11+00:00,2022-03-26 18:00:32+00:00,official
Lvivska oblast,,,oblast,2022-03-26 18:50:00+00:00,2022-03-26 19:34:14+00:00,official
Lvivska oblast,,,oblast,2022-03-27 18:41:56+00:00,2022-03-27 20:00:47+00:00,official
Lvivska oblast,,,oblast,2022-03-28 09:52:36+00:00,2022-03-28 10:27:08+00:00,official
Lvivska oblast,,,oblast,2022-03-28 18:38:30+00:00,2022-03-28 19:10:24+00:00,official
Lvivska oblast,,,oblast,2022-03-29 00:45:55+00:00,2022-03-29 01:49:33+00:00,official
Lvivska oblast,,,oblast,2022-03-29 09:58:01+00:00,2022-03-29 10:34:20+00:00,official
Lvivska oblast,,,oblast,2022-03-29 13:57:15+00:00,2022-03-29 14:49:23+00:00,official
Lvivska oblast,,,oblast,2022-03-29 17:38:19+00:00,2022-03-29 18:20:37+00:00,official
Lvivska oblast,,,oblast,2022-03-29 20:21:55+00:00,2022-03-29 21:17:46+00:00,official
Lvivska oblast,,,oblast,2022-03-30 09:00:24+00:00,2022-03-30 09:30:26+00:00,official
Lvivska oblast,,,oblast,2022-03-30 14:25:26+00:00,2022-03-30 15:18:52+00:00,official
Lvivska oblast,,,oblast,2022-03-31 19:18:51+00:00,2022-03-31 20:17:42+00:00,official
Lvivska oblast,,,oblast,2022-04-01 16:59:16+00:00,2022-04-01 17:28:05+00:00,official
Lvivska oblast,,,oblast,2022-04-02 00:39:52+00:00,2022-04-02 03:37:38+00:00,official
Lvivska oblast,,,oblast,2022-04-02 14:15:40+00:00,2022-04-02 14:54:33+00:00,official
Lvivska oblast,,,oblast,2022-04-03 01:24:36+00:00,2022-04-03 03:49:02+00:00,official
Lvivska oblast,,,oblast,2022-04-03 17:15:19+00:00,2022-04-03 17:55:06+00:00,official
Lvivska oblast,,,oblast,2022-04-03 19:13:19+00:00,2022-04-03 19:44:49+00:00,official
Lvivska oblast,,,oblast,2022-04-04 11:49:02+00:00,2022-04-04 12:12:54+00:00,official
Lvivska oblast,,,oblast,2022-04-04 15:18:25+00:00,2022-04-04 16:01:56+00:00,official
Lvivska oblast,,,oblast,2022-04-04 19:47:18+00:00,2022-04-04 20:43:21+00:00,official
Lvivska oblast,,,oblast,2022-04-05 02:31:13+00:00,2022-04-05 03:14:56+00:00,official
Lvivska oblast,,,oblast,2022-04-05 13:14:07+00:00,2022-04-05 13:53:07+00:00,official
Lvivska oblast,,,oblast,2022-04-05 19:18:50+00:00,2022-04-05 20:04:24+00:00,official
Lvivska oblast,,,oblast,2022-04-07 08:16:56+00:00,2022-04-07 08:46:43+00:00,official
Lvivska oblast,,,oblast,2022-04-07 10:07:37+00:00,2022-04-07 10:32:08+00:00,official
Lvivska oblast,,,oblast,2022-04-08 05:27:07+00:00,2022-04-08 05:53:21+00:00,official
Lvivska oblast,,,oblast,2022-04-11 01:22:14+00:00,2022-04-11 01:49:23+00:00,official
Lvivska oblast,,,oblast,2022-04-11 20:12:43+00:00,2022-04-11 21:05:33+00:00,official
Lvivska oblast,,,oblast,2022-04-12 08:32:41+00:00,2022-04-12 08:45:47+00:00,official
Lvivska oblast,,,oblast,2022-04-14 18:55:20+00:00,2022-04-14 19:54:00+00:00,official
Lvivska oblast,,,oblast,2022-04-14 21:15:19+00:00,2022-04-14 23:04:31+00:00,official
Lvivska oblast,,,oblast,2022-04-15 08:50:49+00:00,2022-04-15 09:54:08+00:00,official
Lvivska oblast,,,oblast,2022-04-16 02:45:07+00:00,2022-04-16 04:01:29+00:00,official
Lvivska oblast,,,oblast,2022-04-16 20:32:56+00:00,2022-04-16 21:01:05+00:00,official
Lvivska oblast,,,oblast,2022-04-17 02:54:54+00:00,2022-04-17 03:50:16+00:00,official
Lvivska oblast,,,oblast,2022-04-18 04:43:26+00:00,2022-04-18 06:15:15+00:00,official
Lvivska oblast,,,oblast,2022-04-18 07:32:07+00:00,2022-04-18 07:59:44+00:00,official
Lvivska oblast,,,oblast,2022-04-18 18:18:37+00:00,2022-04-18 20:29:01+00:00,official
Lvivska oblast,,,oblast,2022-04-18 22:43:18+00:00,2022-04-18 23:26:16+00:00,official
Lvivska oblast,,,oblast,2022-04-20 17:06:12+00:00,2022-04-20 18:08:51+00:00,official
Lvivska oblast,,,oblast,2022-04-21 14:10:32+00:00,2022-04-21 14:53:55+00:00,official
Lvivska oblast,,,oblast,2022-04-21 17:07:18+00:00,2022-04-21 18:07:10+00:00,official
Lvivska oblast,,,oblast,2022-04-23 10:42:55+00:00,2022-04-23 12:50:19+00:00,official
Lvivska oblast,,,oblast,2022-04-23 19:45:00+00:00,2022-04-23 20:49:11+00:00,official
Lvivska oblast,,,oblast,2022-04-24 15:56:05+00:00,2022-04-24 17:48:40+00:00,official
Lvivska oblast,,,oblast,2022-04-25 04:20:51+00:00,2022-04-25 06:30:42+00:00,official
Lvivska oblast,,,oblast,2022-04-25 08:34:47+00:00,2022-04-25 09:22:53+00:00,official
Lvivska oblast,,,oblast,2022-04-25 14:54:21+00:00,2022-04-25 15:13:51+00:00,official
Lvivska oblast,,,oblast,2022-04-25 17:54:36+00:00,2022-04-25 19:13:07+00:00,official
Lvivska oblast,,,oblast,2022-04-27 07:16:23+00:00,2022-04-27 07:40:48+00:00,official
Lvivska oblast,,,oblast,2022-04-28 15:50:11+00:00,2022-04-28 18:18:58+00:00,official
Lvivska oblast,,,oblast,2022-04-29 20:26:48+00:00,2022-04-29 20:37:49+00:00,official
Lvivska oblast,,,oblast,2022-04-30 15:10:17+00:00,2022-04-30 15:30:24+00:00,official
Lvivska oblast,,,oblast,2022-05-03 11:47:13+00:00,2022-05-03 12:05:13+00:00,official
Lvivska oblast,,,oblast,2022-05-03 16:03:35+00:00,2022-05-03 18:18:18+00:00,official
Lvivska oblast,,,oblast,2022-05-04 17:00:32+00:00,2022-05-04 18:55:43+00:00,official
Lvivska oblast,,,oblast,2022-05-04 19:11:42+00:00,2022-05-04 19:48:14+00:00,official
Lvivska oblast,,,oblast,2022-05-05 00:28:28+00:00,2022-05-05 01:27:49+00:00,official
Lvivska oblast,,,oblast,2022-05-05 07:07:27+00:00,2022-05-05 08:07:39+00:00,official
Lvivska oblast,,,oblast,2022-05-05 17:15:27+00:00,2022-05-05 18:03:52+00:00,official
Lvivska oblast,,,oblast,2022-05-07 10:52:06+00:00,2022-05-07 12:39:10+00:00,official
Lvivska oblast,,,oblast,2022-05-07 23:06:20+00:00,2022-05-07 23:35:57+00:00,official
Lvivska oblast,,,oblast,2022-05-08 06:32:44+00:00,2022-05-08 06:52:57+00:00,official
Lvivska oblast,,,oblast,2022-05-15 00:26:27+00:00,2022-05-15 02:21:48+00:00,official
Lvivska oblast,,,oblast,2022-05-16 21:24:48+00:00,2022-05-16 22:14:43+00:00,official
Lvivska oblast,,,oblast,2022-05-17 00:32:25+00:00,2022-05-17 02:21:05+00:00,official
Lvivska oblast,,,oblast,2022-05-18 16:23:45+00:00,2022-05-18 18:15:24+00:00,official
Lvivska oblast,,,oblast,2022-05-19 20:05:49+00:00,2022-05-19 20:29:38+00:00,official
Lvivska oblast,,,oblast,2022-05-20 05:31:33+00:00,2022-05-20 06:14:21+00:00,official
Lvivska oblast,,,oblast,2022-05-20 12:54:17+00:00,2022-05-20 13:14:59+00:00,official
Lvivska oblast,,,oblast,2022-05-20 14:18:58+00:00,2022-05-20 16:23:23+00:00,official
Lvivska oblast,,,oblast,2022-05-21 08:01:38+00:00,2022-05-21 08:59:00+00:00,official
Lvivska oblast,,,oblast,2022-05-22 10:29:26+00:00,2022-05-22 11:32:50+00:00,official
Lvivska oblast,,,oblast,2022-05-22 22:51:45+00:00,2022-05-22 23:13:40+00:00,official
Lvivska oblast,,,oblast,2022-05-24 10:43:07+00:00,2022-05-24 11:04:15+00:00,official
Lvivska oblast,,,oblast,2022-05-25 01:54:15+00:00,2022-05-25 03:24:51+00:00,official
Lvivska oblast,,,oblast,2022-05-25 17:03:45+00:00,2022-05-25 18:50:00+00:00,official
Lvivska oblast,,,oblast,2022-05-26 17:39:07+00:00,2022-05-26 19:38:43+00:00,official
Lvivska oblast,,,oblast,2022-05-27 18:24:37+00:00,2022-05-27 19:25:23+00:00,official
Lvivska oblast,,,oblast,2022-05-28 17:57:16+00:00,2022-05-28 18:20:57+00:00,official
Lvivska oblast,,,oblast,2022-06-01 18:24:03+00:00,2022-06-01 20:20:35+00:00,official
Lvivska oblast,,,oblast,2022-06-03 19:17:50+00:00,2022-06-03 20:24:24+00:00,official
Lvivska oblast,,,oblast,2022-06-04 19:18:57+00:00,2022-06-04 20:10:44+00:00,official
Lvivska oblast,,,oblast,2022-06-05 02:14:29+00:00,2022-06-05 04:28:31+00:00,official
Lvivska oblast,,,oblast,2022-06-07 17:09:22+00:00,2022-06-07 17:49:12+00:00,official
Lvivska oblast,,,oblast,2022-06-08 13:53:31+00:00,2022-06-08 14:30:23+00:00,official
Lvivska oblast,,,oblast,2022-06-08 21:44:29+00:00,2022-06-08 22:37:37+00:00,official
Lvivska oblast,,,oblast,2022-06-11 18:19:06+00:00,2022-06-11 19:28:10+00:00,official
Lvivska oblast,,,oblast,2022-06-14 09:43:35+00:00,2022-06-14 10:57:08+00:00,official
Lvivska oblast,,,oblast,2022-06-16 07:39:45+00:00,2022-06-16 08:21:22+00:00,official
Lvivska oblast,,,oblast,2022-06-16 20:23:34+00:00,2022-06-16 21:38:58+00:00,official
Lvivska oblast,,,oblast,2022-06-23 05:59:06+00:00,2022-06-23 06:35:52+00:00,official
Lvivska oblast,,,oblast,2022-06-23 14:46:35+00:00,2022-06-23 15:05:23+00:00,official
Lvivska oblast,,,oblast,2022-06-23 20:05:00+00:00,2022-06-23 20:16:46+00:00,official
Lvivska oblast,,,oblast,2022-06-24 19:18:46+00:00,2022-06-24 20:01:33+00:00,official
Lvivska oblast,,,oblast,2022-06-25 00:20:09+00:00,2022-06-25 02:03:37+00:00,official
Lvivska oblast,,,oblast,2022-06-25 16:10:32+00:00,2022-06-25 16:48:21+00:00,official
Lvivska oblast,,,oblast,2022-06-26 03:01:35+00:00,2022-06-26 04:19:51+00:00,official
Lvivska oblast,,,oblast,2022-06-26 07:47:15+00:00,2022-06-26 09:52:25+00:00,official
Lvivska oblast,,,oblast,2022-06-26 15:42:17+00:00,2022-06-26 16:03:12+00:00,official
Lvivska oblast,,,oblast,2022-06-27 08:37:59+00:00,2022-06-27 09:03:28+00:00,official
Lvivska oblast,,,oblast,2022-07-05 00:10:26+00:00,2022-07-05 01:42:22+00:00,official
Lvivska oblast,,,oblast,2022-07-05 16:19:11+00:00,2022-07-05 17:28:03+00:00,official
Lvivska oblast,,,oblast,2022-07-06 00:04:29+00:00,2022-07-06 00:51:47+00:00,official
Lvivska oblast,,,oblast,2022-07-12 01:38:37+00:00,2022-07-12 02:49:39+00:00,official
Lvivska oblast,,,oblast,2022-07-12 08:40:24+00:00,2022-07-12 09:04:19+00:00,official
Lvivska oblast,,,oblast,2022-07-13 11:21:38+00:00,2022-07-13 12:23:56+00:00,official
Lvivska oblast,,,oblast,2022-07-14 07:18:39+00:00,2022-07-14 09:12:24+00:00,official
Lvivska oblast,,,oblast,2022-07-15 17:22:21+00:00,2022-07-15 18:49:19+00:00,official
Lvivska oblast,,,oblast,2022-07-16 02:04:47+00:00,2022-07-16 02:32:18+00:00,official
Lvivska oblast,,,oblast,2022-07-16 13:47:08+00:00,2022-07-16 14:52:40+00:00,official
Lvivska oblast,,,oblast,2022-07-23 01:50:48+00:00,2022-07-23 03:03:12+00:00,official
Lvivska oblast,,,oblast,2022-07-24 05:27:27+00:00,2022-07-24 06:37:22+00:00,official
Lvivska oblast,,,oblast,2022-07-25 19:46:14+00:00,2022-07-25 20:23:28+00:00,official
Lvivska oblast,,,oblast,2022-07-26 20:04:42+00:00,2022-07-26 21:01:16+00:00,official
Lvivska oblast,,,oblast,2022-07-28 01:16:08+00:00,2022-07-28 02:20:17+00:00,official
Lvivska oblast,,,oblast,2022-07-28 02:48:10+00:00,2022-07-28 03:03:09+00:00,official
Lvivska oblast,,,oblast,2022-07-29 06:26:14+00:00,2022-07-29 07:44:23+00:00,official
Lvivska oblast,,,oblast,2022-07-30 06:28:33+00:00,2022-07-30 06:51:54+00:00,official
Lvivska oblast,,,oblast,2022-07-31 19:46:11+00:00,2022-07-31 20:08:07+00:00,official
Lvivska oblast,,,oblast,2022-08-02 14:13:59+00:00,2022-08-02 15:32:58+00:00,official
Lvivska oblast,,,oblast,2022-08-04 22:52:14+00:00,2022-08-04 23:13:22+00:00,official
Lvivska oblast,,,oblast,2022-08-07 17:06:00+00:00,2022-08-07 18:41:41+00:00,official
Lvivska oblast,,,oblast,2022-08-08 07:17:27+00:00,2022-08-08 07:46:32+00:00,official
Lvivska oblast,,,oblast,2022-08-11 10:33:41+00:00,2022-08-11 11:30:35+00:00,official
Lvivska oblast,,,oblast,2022-08-11 16:15:21+00:00,2022-08-11 16:32:35+00:00,official
Lvivska oblast,,,oblast,2022-08-11 18:20:00+00:00,2022-08-11 18:49:15+00:00,official
Lvivska oblast,,,oblast,2022-08-13 05:06:28+00:00,2022-08-13 05:23:08+00:00,official
Lvivska oblast,,,oblast,2022-08-15 20:33:32+00:00,2022-08-15 21:27:49+00:00,official
Lvivska oblast,,,oblast,2022-08-16 11:04:57+00:00,2022-08-16 11:37:03+00:00,official
Lvivska oblast,,,oblast,2022-08-18 20:51:44+00:00,2022-08-18 21:10:09+00:00,official
Lvivska oblast,,,oblast,2022-08-19 22:51:25+00:00,2022-08-19 23:19:00+00:00,official
Lvivska oblast,,,oblast,2022-08-20 08:31:42+00:00,2022-08-20 09:17:42+00:00,official
Lvivska oblast,,,oblast,2022-08-20 11:39:22+00:00,2022-08-20 12:12:21+00:00,official
Lvivska oblast,,,oblast,2022-08-21 00:33:27+00:00,2022-08-21 01:04:05+00:00,official
Lvivska oblast,,,oblast,2022-08-22 12:45:59+00:00,2022-08-22 13:06:11+00:00,official
Lvivska oblast,,,oblast,2022-08-23 16:29:54+00:00,2022-08-23 16:48:33+00:00,official
Lvivska oblast,,,oblast,2022-08-24 03:54:28+00:00,2022-08-24 04:33:40+00:00,official
Lvivska oblast,,,oblast,2022-08-24 10:14:08+00:00,2022-08-24 10:37:37+00:00,official
Lvivska oblast,,,oblast,2022-08-24 12:47:22+00:00,2022-08-24 13:28:46+00:00,official
Lvivska oblast,,,oblast,2022-08-24 13:50:21+00:00,2022-08-24 15:01:22+00:00,official
Lvivska oblast,,,oblast,2022-08-24 15:33:19+00:00,2022-08-24 16:06:58+00:00,official
Lvivska oblast,,,oblast,2022-08-24 17:02:19+00:00,2022-08-24 17:29:47+00:00,official
Lvivska oblast,,,oblast,2022-08-28 16:28:26+00:00,2022-08-28 16:53:24+00:00,official
Lvivska oblast,,,oblast,2022-08-31 08:57:08+00:00,2022-08-31 09:24:34+00:00,official
Lvivska oblast,,,oblast,2022-09-06 04:40:07+00:00,2022-09-06 05:32:58+00:00,official
Lvivska oblast,,,oblast,2022-09-07 16:28:41+00:00,2022-09-07 16:51:45+00:00,official
Lvivska oblast,,,oblast,2022-09-11 08:12:19+00:00,2022-09-11 08:53:43+00:00,official
Lvivska oblast,,,oblast,2022-09-11 16:30:13+00:00,2022-09-11 17:44:42+00:00,official
Lvivska oblast,,,oblast,2022-09-14 13:37:07+00:00,2022-09-14 13:54:10+00:00,official
Lvivska oblast,,,oblast,2022-09-14 13:59:05+00:00,2022-09-14 14:56:20+00:00,official
Lvivska oblast,,,oblast,2022-09-15 13:52:20+00:00,2022-09-15 14:26:14+00:00,official
Lvivska oblast,,,oblast,2022-09-22 08:47:10+00:00,2022-09-22 09:16:50+00:00,official
Lvivska oblast,,,oblast,2022-09-30 07:18:07+00:00,2022-09-30 08:29:26+00:00,official
Lvivska oblast,,,oblast,2022-09-30 18:02:18+00:00,2022-09-30 18:33:19+00:00,official
Lvivska oblast,,,oblast,2022-10-01 13:12:34+00:00,2022-10-01 13:25:57+00:00,official
Lvivska oblast,,,oblast,2022-10-03 04:27:53+00:00,2022-10-03 05:11:18+00:00,official
Lvivska oblast,,,oblast,2022-10-04 11:37:25+00:00,2022-10-04 12:55:06+00:00,official
Lvivska oblast,,,oblast,2022-10-06 02:41:42+00:00,2022-10-06 03:10:33+00:00,official
Lvivska oblast,,,oblast,2022-10-09 15:36:46+00:00,2022-10-09 16:48:20+00:00,official
Lvivska oblast,,,oblast,2022-10-10 04:27:16+00:00,2022-10-10 09:21:22+00:00,official
Lvivska oblast,,,oblast,2022-10-11 05:53:19+00:00,2022-10-11 09:50:12+00:00,official
Lvivska oblast,,,oblast,2022-10-13 12:38:58+00:00,2022-10-13 13:51:53+00:00,official
Lvivska oblast,,,oblast,2022-10-15 04:10:07+00:00,2022-10-15 04:21:34+00:00,official
Lvivska oblast,,,oblast,2022-10-16 09:29:56+00:00,2022-10-16 10:32:18+00:00,official
Lvivska oblast,,,oblast,2022-10-17 06:22:41+00:00,2022-10-17 06:35:19+00:00,official
Lvivska oblast,,,oblast,2022-10-17 09:52:27+00:00,2022-10-17 12:10:24+00:00,official
Lvivska oblast,,,oblast,2022-10-18 05:22:27+00:00,2022-10-18 07:02:52+00:00,official
Lvivska oblast,,,oblast,2022-10-19 10:22:40+00:00,2022-10-19 11:55:33+00:00,official
Lvivska oblast,,,oblast,2022-10-20 07:09:29+00:00,2022-10-20 08:35:11+00:00,official
Lvivska oblast,,,oblast,2022-10-21 12:15:05+00:00,2022-10-21 13:28:43+00:00,official
Lvivska oblast,,,oblast,2022-10-22 04:53:28+00:00,2022-10-22 07:56:19+00:00,official
Lvivska oblast,,,oblast,2022-10-22 08:38:00+00:00,2022-10-22 09:41:43+00:00,official
Lvivska oblast,,,oblast,2022-10-24 10:25:35+00:00,2022-10-24 11:50:07+00:00,official
Lvivska oblast,,,oblast,2022-10-26 12:12:38+00:00,2022-10-26 13:27:58+00:00,official
Lvivska oblast,,,oblast,2022-10-26 14:47:50+00:00,2022-10-26 15:31:45+00:00,official
Lvivska oblast,,,oblast,2022-10-26 15:44:22+00:00,2022-10-26 16:36:30+00:00,official
Lvivska oblast,,,oblast,2022-10-26 18:30:55+00:00,2022-10-26 20:08:57+00:00,official
Lvivska oblast,,,oblast,2022-10-27 08:47:19+00:00,2022-10-27 10:18:48+00:00,official
Lvivska oblast,,,oblast,2022-10-29 14:40:39+00:00,2022-10-29 16:05:10+00:00,official
Lvivska oblast,,,oblast,2022-10-31 05:23:08+00:00,2022-10-31 08:07:11+00:00,official
Lvivska oblast,,,oblast,2022-11-01 07:12:17+00:00,2022-11-01 08:41:48+00:00,official
Lvivska oblast,,,oblast,2022-11-04 03:08:24+00:00,2022-11-04 03:29:53+00:00,official
Lvivska oblast,,,oblast,2022-11-04 14:48:30+00:00,2022-11-04 15:13:55+00:00,official
Lvivska oblast,,,oblast,2022-11-05 07:09:35+00:00,2022-11-05 08:36:55+00:00,official
Lvivska oblast,,,oblast,2022-11-09 11:01:59+00:00,2022-11-09 12:28:49+00:00,official
Lvivska oblast,,,oblast,2022-11-12 12:25:19+00:00,2022-11-12 13:55:28+00:00,official
Lvivska oblast,,,oblast,2022-11-13 07:18:36+00:00,2022-11-13 08:52:53+00:00,official
Lvivska oblast,,,oblast,2022-11-13 10:09:09+00:00,2022-11-13 11:37:13+00:00,official
Lvivska oblast,,,oblast,2022-11-15 12:44:32+00:00,2022-11-15 16:20:19+00:00,official
Lvivska oblast,,,oblast,2022-11-16 07:48:04+00:00,2022-11-16 08:29:06+00:00,official
Lvivska oblast,,,oblast,2022-11-17 06:42:16+00:00,2022-11-17 08:59:37+00:00,official
Lvivska oblast,,,oblast,2022-11-20 07:14:51+00:00,2022-11-20 08:48:09+00:00,official
Lvivska oblast,,,oblast,2022-11-23 11:11:06+00:00,2022-11-23 13:16:12+00:00,official
Lvivska oblast,,,oblast,2022-11-29 10:38:07+00:00,2022-11-29 10:54:17+00:00,official
Lvivska oblast,,,oblast,2022-12-01 12:22:05+00:00,2022-12-01 13:31:15+00:00,official
Lvivska oblast,,,oblast,2022-12-05 11:40:43+00:00,2022-12-05 14:10:49+00:00,official
Lvivska oblast,,,oblast,2022-12-13 12:41:47+00:00,2022-12-13 13:53:03+00:00,official
Lvivska oblast,,,oblast,2022-12-16 06:33:25+00:00,2022-12-16 10:17:11+00:00,official
Lvivska oblast,,,oblast,2022-12-17 09:25:29+00:00,2022-12-17 11:06:00+00:00,official
Lvivska oblast,,,oblast,2022-12-21 10:28:34+00:00,2022-12-21 12:24:53+00:00,official
Lvivska oblast,,,oblast,2022-12-21 12:52:49+00:00,2022-12-21 13:10:23+00:00,official
Lvivska oblast,,,oblast,2022-12-25 07:24:50+00:00,2022-12-25 09:14:56+00:00,official
Lvivska oblast,,,oblast,2022-12-25 12:26:58+00:00,2022-12-25 14:21:12+00:00,official
Lvivska oblast,,,oblast,2022-12-27 12:43:37+00:00,2022-12-27 14:30:08+00:00,official
Lvivska oblast,,,oblast,2022-12-28 09:22:34+00:00,2022-12-28 11:19:35+00:00,official
Lvivska oblast,,,oblast,2022-12-29 06:02:14+00:00,2022-12-29 08:47:38+00:00,official
Lvivska oblast,,,oblast,2022-12-30 10:04:29+00:00,2022-12-30 10:22:16+00:00,official
Lvivska oblast,,,oblast,2022-12-31 11:04:15+00:00,2022-12-31 14:02:27+00:00,official
Lvivska oblast,,,oblast,2022-12-31 22:36:32+00:00,2022-12-31 23:21:21+00:00,official
Lvivska oblast,,,oblast,2023-01-04 08:37:21+00:00,2023-01-04 10:36:44+00:00,official
Lvivska oblast,,,oblast,2023-01-06 10:47:34+00:00,2023-01-06 12:39:05+00:00,official
Lvivska oblast,,,oblast,2023-01-14 13:00:32+00:00,2023-01-14 15:03:42+00:00,official
Lvivska oblast,,,oblast,2023-01-19 08:14:57+00:00,2023-01-19 09:48:55+00:00,official
Lvivska oblast,,,oblast,2023-01-20 10:41:39+00:00,2023-01-20 12:28:35+00:00,official
Lvivska oblast,,,oblast,2023-01-24 12:38:30+00:00,2023-01-24 13:18:23+00:00,official
Lvivska oblast,,,oblast,2023-01-25 07:08:47+00:00,2023-01-25 08:57:40+00:00,official
Lvivska oblast,,,oblast,2023-01-25 12:03:06+00:00,2023-01-25 13:42:06+00:00,official
Lvivska oblast,,,oblast,2023-01-26 06:12:38+00:00,2023-01-26 10:09:21+00:00,official
Lvivska oblast,,,oblast,2023-01-31 09:17:50+00:00,2023-01-31 09:45:55+00:00,official
Lvivska oblast,,,oblast,2023-01-31 10:50:25+00:00,2023-01-31 11:05:57+00:00,official
Lvivska oblast,,,oblast,2023-01-31 12:31:03+00:00,2023-01-31 12:58:20+00:00,official
Lvivska oblast,,,oblast,2023-02-03 08:32:28+00:00,2023-02-03 10:15:44+00:00,official
Lvivska oblast,,,oblast,2023-02-03 14:36:47+00:00,2023-02-03 15:19:45+00:00,official
Lvivska oblast,,,oblast,2023-02-04 07:06:53+00:00,2023-02-04 08:54:21+00:00,official
Lvivska oblast,,,oblast,2023-02-04 14:50:57+00:00,2023-02-04 15:35:50+00:00,official
Lvivska oblast,,,oblast,2023-02-10 06:28:33+00:00,2023-02-10 09:58:59+00:00,official
Lvivska oblast,,,oblast,2023-02-10 11:16:44+00:00,2023-02-10 12:41:20+00:00,official
Lvivska oblast,,,oblast,2023-02-10 14:32:37+00:00,2023-02-10 16:27:10+00:00,official
Lvivska oblast,,,oblast,2023-02-14 07:11:53+00:00,2023-02-14 08:58:07+00:00,official
Lvivska oblast,,,oblast,2023-02-16 00:54:58+00:00,2023-02-16 02:26:05+00:00,official
Lvivska oblast,,,oblast,2023-02-16 10:13:19+00:00,2023-02-16 10:37:25+00:00,official
Lvivska oblast,,,oblast,2023-02-17 11:45:12+00:00,2023-02-17 12:11:51+00:00,official
Lvivska oblast,,,oblast,2023-02-17 13:43:46+00:00,2023-02-17 14:05:32+00:00,official
Lvivska oblast,,,oblast,2023-02-18 06:40:16+00:00,2023-02-18 07:37:33+00:00,official
Lvivska oblast,,,oblast,2023-02-20 09:35:13+00:00,2023-02-20 11:07:02+00:00,official
Lvivska oblast,,,oblast,2023-02-22 07:06:13+00:00,2023-02-22 09:01:22+00:00,official
Lvivska oblast,,,oblast,2023-02-25 07:22:47+00:00,2023-02-25 07:53:15+00:00,official
Lvivska oblast,,,oblast,2023-02-25 13:57:35+00:00,2023-02-25 14:18:01+00:00,official
Lvivska oblast,,,oblast,2023-02-27 06:26:22+00:00,2023-02-27 07:24:32+00:00,official
Lvivska oblast,,,oblast,2023-03-02 16:54:43+00:00,2023-03-02 17:13:39+00:00,official
Lvivska oblast,,,oblast,2023-03-03 07:10:32+00:00,2023-03-03 08:54:34+00:00,official
Lvivska oblast,,,oblast,2023-03-06 07:08:03+00:00,2023-03-06 08:49:24+00:00,official
Lvivska oblast,,,oblast,2023-03-07 08:32:57+00:00,2023-03-07 08:57:30+00:00,official
Lvivska oblast,,,oblast,2023-03-07 10:23:46+00:00,2023-03-07 10:41:32+00:00,official
Lvivska oblast,,,oblast,2023-03-07 12:10:21+00:00,2023-03-07 12:35:50+00:00,official
Lvivska oblast,,,oblast,2023-03-09 00:38:36+00:00,2023-03-09 04:46:58+00:00,official
Lvivska oblast,,,oblast,2023-03-09 10:59:52+00:00,2023-03-09 12:20:49+00:00,official
Lvivska oblast,,,oblast,2023-03-10 07:13:14+00:00,2023-03-10 08:35:43+00:00,official
Lvivska oblast,,,oblast,2023-03-14 11:01:38+00:00,2023-03-14 11:31:05+00:00,official
Lvivska oblast,,,oblast,2023-03-14 12:32:07+00:00,2023-03-14 12:56:13+00:00,official
Lvivska oblast,,,oblast,2023-03-14 14:27:23+00:00,2023-03-14 14:50:20+00:00,official
Lvivska oblast,,,oblast,2023-03-14 17:22:45+00:00,2023-03-14 18:07:41+00:00,official
Lvivska oblast,,,oblast,2023-03-15 07:46:27+00:00,2023-03-15 09:27:10+00:00,official
Lvivska oblast,,,oblast,2023-03-15 11:00:31+00:00,2023-03-15 11:18:20+00:00,official
Lvivska oblast,,,oblast,2023-03-15 13:04:19+00:00,2023-03-15 13:52:58+00:00,official
Lvivska oblast,,,oblast,2023-03-16 07:06:15+00:00,2023-03-16 08:37:31+00:00,official
Lvivska oblast,,,oblast,2023-03-17 21:32:59+00:00,2023-03-17 23:39:37+00:00,official
Lvivska oblast,,,oblast,2023-03-18 07:08:48+00:00,2023-03-18 09:16:17+00:00,official
Lvivska oblast,,,oblast,2023-03-20 07:10:51+00:00,2023-03-20 08:42:19+00:00,official
Lvivska oblast,,,oblast,2023-03-22 07:09:44+00:00,2023-03-22 09:09:50+00:00,official
Lvivska oblast,,,oblast,2023-03-23 07:08:47+00:00,2023-03-23 09:05:24+00:00,official
Lvivska oblast,,,oblast,2023-03-30 10:27:10+00:00,2023-03-30 10:43:52+00:00,official
Lvivska oblast,,,oblast,2023-04-04 09:40:37+00:00,2023-04-04 11:42:51+00:00,official
Lvivska oblast,,,oblast,2023-04-13 08:29:42+00:00,2023-04-13 09:16:38+00:00,official
Lvivska oblast,,,oblast,2023-04-20 21:10:09+00:00,2023-04-20 21:27:39+00:00,official
Lvivska oblast,,,oblast,2023-04-20 23:27:54+00:00,2023-04-21 01:03:58+00:00,official
Lvivska oblast,,,oblast,2023-04-21 15:26:25+00:00,2023-04-21 15:57:42+00:00,official
Lvivska oblast,,,oblast,2023-04-28 01:20:05+00:00,2023-04-28 03:11:15+00:00,official
Lvivska oblast,,,oblast,2023-05-01 01:12:22+00:00,2023-05-01 03:32:26+00:00,official
Lvivska oblast,,,oblast,2023-05-08 08:58:10+00:00,2023-05-08 09:38:50+00:00,official
Lvivska oblast,,,oblast,2023-05-09 01:45:05+00:00,2023-05-09 03:05:13+00:00,official
Lvivska oblast,,,oblast,2023-05-13 02:06:44+00:00,2023-05-13 04:04:40+00:00,official
Lvivska oblast,,,oblast,2023-05-13 19:12:13+00:00,2023-05-13 21:04:21+00:00,official
Lvivska oblast,,,oblast,2023-05-14 00:42:08+00:00,2023-05-14 02:35:06+00:00,official
Lvivska oblast,,,oblast,2023-05-15 16:58:44+00:00,2023-05-15 17:17:06+00:00,official
Lvivska oblast,,,oblast,2023-05-15 23:23:49+00:00,2023-05-16 01:03:31+00:00,official
Lvivska oblast,,,oblast,2023-05-18 00:49:20+00:00,2023-05-18 03:05:05+00:00,official
Lvivska oblast,,,oblast,2023-05-18 17:53:59+00:00,2023-05-18 18:26:16+00:00,official
Lvivska oblast,,,oblast,2023-05-18 23:18:32+00:00,2023-05-19 02:12:56+00:00,official
Lvivska oblast,,,oblast,2023-05-22 00:48:07+00:00,2023-05-22 02:10:40+00:00,official
Lvivska oblast,,,oblast,2023-05-24 22:27:24+00:00,2023-05-25 02:33:25+00:00,official
Lvivska oblast,,,oblast,2023-05-26 00:47:30+00:00,2023-05-26 02:15:15+00:00,official
Lvivska oblast,,,oblast,2023-05-28 23:45:59+00:00,2023-05-29 02:13:42+00:00,official
Lvivska oblast,,,oblast,2023-05-29 08:39:59+00:00,2023-05-29 09:13:29+00:00,official
Lvivska oblast,,,oblast,2023-06-02 00:22:08+00:00,2023-06-02 01:20:23+00:00,official
Lvivska oblast,,,oblast,2023-06-03 23:35:26+00:00,2023-06-04 01:24:14+00:00,official
Lvivska oblast,,,oblast,2023-06-05 23:36:20+00:00,2023-06-06 01:11:46+00:00,official
Lvivska oblast,,,oblast,2023-06-07 08:30:44+00:00,2023-06-07 09:04:54+00:00,official
Lvivska oblast,,,oblast,2023-06-08 16:59:34+00:00,2023-06-08 18:08:52+00:00,official
Lvivska oblast,,,oblast,2023-06-08 22:41:24+00:00,2023-06-09 01:18:52+00:00,official
Lvivska oblast,,,oblast,2023-06-11 14:06:48+00:00,2023-06-11 14:23:10+00:00,official
Lvivska oblast,,,oblast,2023-06-13 00:52:28+00:00,2023-06-13 01:43:10+00:00,official
Lvivska oblast,,,oblast,2023-06-14 17:24:23+00:00,2023-06-14 17:47:11+00:00,official
Lvivska oblast,,,oblast,2023-06-14 20:43:30+00:00,2023-06-14 21:07:33+00:00,official
Lvivska oblast,,,oblast,2023-06-15 12:47:08+00:00,2023-06-15 13:49:44+00:00,official
Lvivska oblast,,,oblast,2023-06-15 15:15:35+00:00,2023-06-15 15:36:51+00:00,official
Lvivska oblast,,,oblast,2023-06-16 08:27:45+00:00,2023-06-16 09:23:06+00:00,official
Lvivska oblast,,,oblast,2023-06-20 01:05:28+00:00,2023-06-20 03:01:28+00:00,official
Lvivska oblast,,,oblast,2023-06-22 23:33:00+00:00,2023-06-23 00:36:48+00:00,official
Lvivska oblast,,,oblast,2023-06-23 18:38:12+00:00,2023-06-23 18:52:25+00:00,official
Lvivska oblast,,,oblast,2023-06-23 19:48:17+00:00,2023-06-23 20:11:48+00:00,official
Lvivska oblast,,,oblast,2023-06-23 23:38:15+00:00,2023-06-24 01:05:09+00:00,official
Lvivska oblast,,,oblast,2023-07-05 23:06:25+00:00,2023-07-06 00:18:47+00:00,official
Lvivska oblast,,,oblast,2023-07-07 18:23:18+00:00,2023-07-07 18:56:14+00:00,official
Lvivska oblast,,,oblast,2023-07-11 12:05:09+00:00,2023-07-11 12:24:18+00:00,official
Lvivska oblast,,,oblast,2023-07-11 16:12:48+00:00,2023-07-11 16:42:09+00:00,official
Lvivska oblast,,,oblast,2023-07-12 21:38:42+00:00,2023-07-12 23:40:44+00:00,official
Lvivska oblast,,,oblast,2023-07-14 15:37:08+00:00,2023-07-14 16:06:52+00:00,official
Lvivska oblast,,,oblast,2023-07-20 15:54:22+00:00,2023-07-20 16:12:34+00:00,official
Lvivska oblast,,,oblast,2023-07-20 20:12:59+00:00,2023-07-20 20:28:17+00:00,official
Lvivska oblast,,,oblast,2023-07-26 10:47:20+00:00,2023-07-26 11:41:24+00:00,official
Lvivska oblast,,,oblast,2023-07-26 15:31:43+00:00,2023-07-26 17:23:59+00:00,official
Lvivska oblast,,,oblast,2023-07-28 17:48:06+00:00,2023-07-28 18:13:52+00:00,official
Lvivska oblast,,,oblast,2023-07-30 21:12:46+00:00,2023-07-30 21:43:55+00:00,official
Lvivska oblast,,,oblast,2023-08-01 08:39:34+00:00,2023-08-01 08:59:00+00:00,official
Lvivska oblast,,,oblast,2023-08-01 08:59:26+00:00,2023-08-01 09:00:21+00:00,official
Lvivska oblast,,,oblast,2023-08-01 10:16:15+00:00,2023-08-01 10:38:39+00:00,official
Lvivska oblast,,,oblast,2023-08-01 12:31:13+00:00,2023-08-01 12:46:23+00:00,official
Lvivska oblast,,,oblast,2023-08-02 04:30:35+00:00,2023-08-02 04:52:49+00:00,official
Lvivska oblast,,,oblast,2023-08-02 05:17:43+00:00,2023-08-02 05:38:35+00:00,official
Lvivska oblast,,,oblast,2023-08-04 10:41:40+00:00,2023-08-04 11:22:27+00:00,official
Lvivska oblast,,,oblast,2023-08-05 06:29:08+00:00,2023-08-05 07:04:13+00:00,official
Lvivska oblast,,,oblast,2023-08-05 08:36:07+00:00,2023-08-05 09:09:04+00:00,official
Lvivska oblast,,,oblast,2023-08-05 15:26:26+00:00,2023-08-05 16:37:33+00:00,official
Lvivska oblast,,,oblast,2023-08-06 00:59:11+00:00,2023-08-06 02:13:47+00:00,official
Lvivska oblast,,,oblast,2023-08-08 14:54:00+00:00,2023-08-08 15:27:00+00:00,official
Lvivska oblast,,,oblast,2023-08-09 13:03:42+00:00,2023-08-09 13:47:05+00:00,official
Lvivska oblast,,,oblast,2023-08-09 14:41:18+00:00,2023-08-09 15:07:56+00:00,official
Lvivska oblast,,,oblast,2023-08-09 17:44:32+00:00,2023-08-09 18:09:53+00:00,official
Lvivska oblast,,,oblast,2023-08-09 20:23:50+00:00,2023-08-09 20:47:08+00:00,official
Lvivska oblast,,,oblast,2023-08-10 00:38:10+00:00,2023-08-10 01:15:58+00:00,official
Lvivska oblast,,,oblast,2023-08-11 06:50:20+00:00,2023-08-11 07:34:33+00:00,official
Lvivska oblast,,,oblast,2023-08-15 01:02:39+00:00,2023-08-15 02:49:02+00:00,official
Lvivska oblast,,,oblast,2023-08-15 12:26:18+00:00,2023-08-15 13:25:51+00:00,official
Lvivska oblast,,,oblast,2023-08-15 17:24:07+00:00,2023-08-15 18:35:25+00:00,official
Lvivska oblast,,,oblast,2023-08-17 13:21:11+00:00,2023-08-17 14:05:42+00:00,official
Lvivska oblast,,,oblast,2023-08-17 14:51:08+00:00,2023-08-17 15:30:41+00:00,official
Lvivska oblast,,,oblast,2023-08-17 16:11:42+00:00,2023-08-17 16:34:34+00:00,official
Lvivska oblast,,,oblast,2023-08-17 18:23:25+00:00,2023-08-17 20:53:19+00:00,official
Lvivska oblast,,,oblast,2023-08-18 10:21:06+00:00,2023-08-18 10:37:03+00:00,official
Lvivska oblast,,,oblast,2023-08-22 09:51:34+00:00,2023-08-22 10:23:37+00:00,official
Lvivska oblast,,,oblast,2023-08-24 12:26:52+00:00,2023-08-24 13:24:45+00:00,official
Lvivska oblast,,,oblast,2023-08-25 14:05:57+00:00,2023-08-25 14:35:58+00:00,official
Lvivska oblast,,,oblast,2023-08-25 15:02:27+00:00,2023-08-25 15:43:42+00:00,official
Lvivska oblast,,,oblast,2023-08-25 17:21:28+00:00,2023-08-25 17:36:23+00:00,official
Lvivska oblast,,,oblast,2023-08-25 18:40:49+00:00,2023-08-25 18:52:32+00:00,official
Lvivska oblast,,,oblast,2023-08-25 19:22:20+00:00,2023-08-25 19:54:24+00:00,official
Lvivska oblast,,,oblast,2023-08-25 20:27:34+00:00,2023-08-25 20:48:04+00:00,official
Lvivska oblast,,,oblast,2023-08-27 01:02:25+00:00,2023-08-27 03:23:13+00:00,official
Lvivska oblast,,,oblast,2023-08-30 01:50:54+00:00,2023-08-30 02:42:03+00:00,official
Lvivska oblast,,,oblast,2023-09-04 10:32:54+00:00,2023-09-04 11:12:21+00:00,official
Lvivska oblast,,,oblast,2023-09-06 02:37:13+00:00,2023-09-06 03:14:15+00:00,official
Lvivska oblast,,,oblast,2023-09-07 17:04:35+00:00,2023-09-07 17:57:30+00:00,official
Lvivska oblast,,,oblast,2023-09-17 02:34:17+00:00,2023-09-17 03:52:49+00:00,official
Lvivska oblast,,,oblast,2023-09-18 02:13:46+00:00,2023-09-18 03:01:51+00:00,official
Lvivska oblast,,,oblast,2023-09-19 00:39:42+00:00,2023-09-19 02:59:51+00:00,official
Lvivska oblast,,,oblast,2023-09-21 02:43:29+00:00,2023-09-21 03:38:02+00:00,official
Lvivska oblast,,,oblast,2023-09-21 04:50:19+00:00,2023-09-21 05:37:00+00:00,official
Lvivska oblast,,,oblast,2023-09-24 21:30:12+00:00,2023-09-24 22:13:40+00:00,official
Lvivska oblast,,,oblast,2023-09-26 11:24:37+00:00,2023-09-26 11:54:52+00:00,official
Lvivska oblast,,,oblast,2023-09-26 16:34:44+00:00,2023-09-26 16:55:17+00:00,official
Lvivska oblast,,,oblast,2023-09-29 15:41:55+00:00,2023-09-29 16:45:08+00:00,official
Lvivska oblast,,,oblast,2023-10-28 07:54:48+00:00,2023-10-28 09:56:47+00:00,official
Lvivska oblast,,,oblast,2023-11-01 00:58:50+00:00,2023-11-01 01:27:13+00:00,official
Lvivska oblast,,,oblast,2023-11-01 01:36:46+00:00,2023-11-01 02:36:03+00:00,official
Lvivska oblast,,,oblast,2023-11-02 23:01:36+00:00,2023-11-03 03:20:15+00:00,official
Lvivska oblast,,,oblast,2023-11-04 10:39:27+00:00,2023-11-04 13:10:21+00:00,official
Lvivska oblast,,,oblast,2023-11-06 13:07:52+00:00,2023-11-06 14:32:47+00:00,official
Lvivska oblast,,,oblast,2023-11-08 12:26:22+00:00,2023-11-08 13:06:04+00:00,official
Lvivska oblast,,,oblast,2023-11-10 08:30:55+00:00,2023-11-10 12:06:39+00:00,official
Lvivska oblast,,,oblast,2023-11-11 10:06:04+00:00,2023-11-11 13:32:40+00:00,official
Lvivska oblast,,,oblast,2023-11-14 00:44:18+00:00,2023-11-14 01:54:48+00:00,official
Lvivska oblast,,,oblast,2023-11-14 12:38:22+00:00,2023-11-14 15:22:08+00:00,official
Lvivska oblast,,,oblast,2023-11-15 10:06:10+00:00,2023-11-15 12:18:36+00:00,official
Lvivska oblast,,,oblast,2023-11-27 10:21:32+00:00,2023-11-27 12:05:17+00:00,official
Lvivska oblast,,,oblast,2023-11-28 11:43:35+00:00,2023-11-28 12:28:14+00:00,official
Lvivska oblast,,,oblast,2023-12-01 09:00:34+00:00,2023-12-01 10:24:04+00:00,official
Lvivska oblast,,,oblast,2023-12-02 10:09:06+00:00,2023-12-02 11:50:08+00:00,official
Lvivska oblast,,,oblast,2023-12-03 11:03:39+00:00,2023-12-03 12:37:24+00:00,official
Lvivska oblast,,,oblast,2023-12-04 00:21:23+00:00,2023-12-04 02:51:31+00:00,official
Lvivska oblast,,,oblast,2023-12-05 00:43:56+00:00,2023-12-05 02:58:54+00:00,official
Lvivska oblast,,,oblast,2023-12-06 10:53:38+00:00,2023-12-06 12:39:50+00:00,official
Lvivska oblast,,,oblast,2023-12-07 10:43:16+00:00,2023-12-07 11:48:58+00:00,official
Lvivska oblast,,,oblast,2023-12-10 08:17:58+00:00,2023-12-10 09:26:02+00:00,official
Lvivska oblast,,,oblast,2023-12-14 09:07:46+00:00,2023-12-14 10:45:49+00:00,official
Lvivska oblast,,,oblast,2023-12-14 12:09:45+00:00,2023-12-14 12:58:05+00:00,official
Lvivska oblast,,,oblast,2023-12-14 13:36:48+00:00,2023-12-14 14:14:26+00:00,official
Lvivska oblast,,,oblast,2023-12-14 15:30:49+00:00,2023-12-14 16:36:23+00:00,official
Lvivska oblast,,,oblast,2023-12-20 18:25:15+00:00,2023-12-20 19:05:31+00:00,official
Lvivska oblast,,,oblast,2023-12-22 11:49:00+00:00,2023-12-22 12:44:49+00:00,official
Lvivska oblast,,,oblast,2023-12-25 08:33:51+00:00,2023-12-25 10:37:55+00:00,official
Lvivska oblast,,,oblast,2023-12-26 09:18:05+00:00,2023-12-26 10:54:21+00:00,official
Lvivska oblast,,,oblast,2023-12-27 09:55:50+00:00,2023-12-27 10:12:33+00:00,official
Lvivska oblast,,,oblast,2023-12-28 07:23:32+00:00,2023-12-28 07:39:04+00:00,official
Lvivska oblast,,,oblast,2023-12-29 01:00:57+00:00,2023-12-29 03:34:02+00:00,official
Lvivska oblast,,,oblast,2023-12-29 05:05:03+00:00,2023-12-29 07:30:32+00:00,official
Lvivska oblast,,,oblast,2023-12-30 08:31:31+00:00,2023-12-30 09:57:41+00:00,official
Lvivska oblast,,,oblast,2023-12-31 08:42:47+00:00,2023-12-31 09:48:43+00:00,official
Lvivska oblast,,,oblast,2023-12-31 11:26:45+00:00,2023-12-31 12:14:24+00:00,official
Lvivska oblast,,,oblast,2023-12-31 18:06:12+00:00,2023-12-31 19:29:57+00:00,official
Lvivska oblast,,,oblast,2024-01-01 02:06:42+00:00,2024-01-01 03:52:56+00:00,official
Lvivska oblast,,,oblast,2024-01-01 09:21:09+00:00,2024-01-01 11:53:34+00:00,official
Lvivska oblast,,,oblast,2024-01-01 12:56:36+00:00,2024-01-01 13:32:51+00:00,official
Lvivska oblast,,,oblast,2024-01-02 04:23:22+00:00,2024-01-02 07:45:43+00:00,official
Lvivska oblast,,,oblast,2024-01-06 07:24:46+00:00,2024-01-06 09:31:37+00:00,official
Lvivska oblast,,,oblast,2024-01-07 07:54:21+00:00,2024-01-07 09:04:36+00:00,official
Lvivska oblast,,,oblast,2024-01-08 04:20:21+00:00,2024-01-08 06:24:48+00:00,official
Lvivska oblast,,,oblast,2024-01-10 06:00:30+00:00,2024-01-10 06:50:43+00:00,official
Lvivska oblast,,,oblast,2024-01-11 11:31:38+00:00,2024-01-11 12:46:53+00:00,official
Lvivska oblast,,,oblast,2024-01-13 04:33:09+00:00,2024-01-13 06:23:22+00:00,official
Lvivska oblast,,,oblast,2024-01-13 09:53:03+00:00,2024-01-13 11:13:42+00:00,official
Lvivska oblast,,,oblast,2024-01-14 10:31:25+00:00,2024-01-14 10:57:11+00:00,official
Lvivska oblast,,,oblast,2024-01-16 08:38:07+00:00,2024-01-16 09:57:18+00:00,official
Lvivska oblast,,,oblast,2024-01-17 08:30:02+00:00,2024-01-17 10:09:54+00:00,official
Lvivska oblast,,,oblast,2024-01-18 06:47:56+00:00,2024-01-18 07:13:05+00:00,official
Lvivska oblast,,,oblast,2024-01-18 09:44:18+00:00,2024-01-18 11:18:21+00:00,official
Lvivska oblast,,,oblast,2024-01-20 10:16:26+00:00,2024-01-20 10:46:22+00:00,official
Lvivska oblast,,,oblast,2024-01-21 10:58:16+00:00,2024-01-21 11:05:25+00:00,official
Lvivska oblast,,,oblast,2024-01-22 10:08:46+00:00,2024-01-22 11:28:11+00:00,official
Lvivska oblast,,,oblast,2024-01-22 12:58:50+00:00,2024-01-22 13:32:52+00:00,official
Lvivska oblast,,,oblast,2024-01-23 04:05:39+00:00,2024-01-23 06:15:01+00:00,official
Lvivska oblast,,,oblast,2024-01-23 12:49:45+00:00,2024-01-23 15:42:37+00:00,official
Lvivska oblast,,,oblast,2024-01-24 09:42:03+00:00,2024-01-24 11:58:04+00:00,official
Lvivska oblast,,,oblast,2024-01-26 11:29:32+00:00,2024-01-26 12:25:37+00:00,official
Lvivska oblast,,,oblast,2024-01-30 10:15:56+00:00,2024-01-30 10:42:02+00:00,official
Lvivska oblast,,,oblast,2024-01-31 10:08:05+00:00,2024-01-31 10:39:57+00:00,official
Lvivska oblast,,,oblast,2024-01-31 13:14:56+00:00,2024-01-31 14:40:29+00:00,official
Lvivska oblast,,,oblast,2024-02-03 09:40:39+00:00,2024-02-03 10:17:13+00:00,official
Lvivska oblast,,,oblast,2024-02-03 10:56:05+00:00,2024-02-03 11:16:06+00:00,official
Lvivska oblast,,,oblast,2024-02-07 03:59:38+00:00,2024-02-07 06:49:05+00:00,official
Lvivska oblast,,,oblast,2024-02-09 09:22:43+00:00,2024-02-09 10:58:46+00:00,official
Lvivska oblast,,,oblast,2024-02-14 11:19:43+00:00,2024-02-14 11:54:06+00:00,official
Lvivska oblast,,,oblast,2024-02-15 03:01:16+00:00,2024-02-15 05:10:02+00:00,official
Lvivska oblast,,,oblast,2024-02-15 08:54:47+00:00,2024-02-15 10:04:03+00:00,official
Lvivska oblast,,,oblast,2024-02-16 13:05:34+00:00,2024-02-16 13:37:56+00:00,official
Lvivska oblast,,,oblast,2024-02-19 10:04:49+00:00,2024-02-19 11:27:24+00:00,official
Lvivska oblast,,,oblast,2024-02-21 10:14:47+00:00,2024-02-21 11:21:44+00:00,official
Lvivska oblast,,,oblast,2024-02-26 10:40:48+00:00,2024-02-26 11:26:37+00:00,official
Lvivska oblast,,,oblast,2024-03-05 23:27:51+00:00,2024-03-06 00:22:26+00:00,official
Lvivska oblast,,,oblast,2024-03-06 06:44:53+00:00,2024-03-06 07:07:39+00:00,official
Lvivska oblast,,,oblast,2024-03-07 15:55:49+00:00,2024-03-07 16:17:28+00:00,official
Lvivska oblast,,,oblast,2024-03-11 16:56:02+00:00,2024-03-11 17:12:56+00:00,official
Lvivska oblast,,,oblast,2024-03-11 22:25:18+00:00,2024-03-11 23:26:28+00:00,official
Lvivska oblast,,,oblast,2024-03-14 10:41:33+00:00,2024-03-14 11:27:47+00:00,official
Lvivska oblast,,,oblast,2024-03-15 11:43:17+00:00,2024-03-15 12:16:31+00:00,official
Lvivska oblast,,,oblast,2024-03-17 20:02:26+00:00,2024-03-17 20:39:11+00:00,official
Lvivska oblast,,,oblast,2024-03-18 14:00:49+00:00,2024-03-18 14:14:09+00:00,official
Lvivska oblast,,,oblast,2024-03-19 14:08:42+00:00,2024-03-19 14:53:24+00:00,official
Lvivska oblast,,,oblast,2024-03-21 01:43:45+00:00,2024-03-21 04:10:28+00:00,official
Lvivska oblast,,,oblast,2024-03-22 00:31:29+00:00,2024-03-22 04:59:22+00:00,official
Lvivska oblast,,,oblast,2024-03-24 01:28:34+00:00,2024-03-24 04:07:15+00:00,official
Lvivska oblast,,,oblast,2024-03-24 07:31:21+00:00,2024-03-24 07:58:39+00:00,official
Lvivska oblast,,,oblast,2024-03-25 15:43:26+00:00,2024-03-25 16:13:21+00:00,official
Lvivska oblast,,,oblast,2024-03-28 10:09:38+00:00,2024-03-28 11:09:05+00:00,official
Lvivska oblast,,,oblast,2024-03-28 16:03:40+00:00,2024-03-28 16:34:48+00:00,official
Lvivska oblast,,,oblast,2024-03-29 00:12:50+00:00,2024-03-29 04:08:55+00:00,official
Lvivska oblast,,,oblast,2024-03-31 02:01:17+00:00,2024-03-31 03:27:50+00:00,official
Lvivska oblast,,,oblast,2024-04-04 16:36:05+00:00,2024-04-04 17:04:56+00:00,official
Lvivska oblast,,,oblast,2024-04-05 13:33:36+00:00,2024-04-05 15:00:52+00:00,official
Lvivska oblast,,,oblast,2024-04-06 01:49:01+00:00,2024-04-06 03:17:56+00:00,official
Lvivska oblast,,,oblast,2024-04-08 10:23:29+00:00,2024-04-08 11:05:06+00:00,official
Lvivska oblast,,,oblast,2024-04-08 23:52:52+00:00,2024-04-09 02:36:14+00:00,official
Lvivska oblast,,,oblast,2024-04-11 00:37:17+00:00,2024-04-11 03:49:49+00:00,official
Lvivska oblast,,,oblast,2024-04-12 16:36:42+00:00,2024-04-12 16:56:16+00:00,official
Lvivska oblast,,,oblast,2024-04-19 01:56:46+00:00,2024-04-19 03:15:06+00:00,official
Lvivska oblast,,,oblast,2024-04-20 10:18:29+00:00,2024-04-20 10:45:25+00:00,official
Lvivska oblast,,,oblast,2024-04-25 07:29:18+00:00,2024-04-25 08:29:18+00:00,official
Lvivska oblast,,,oblast,2024-04-25 10:53:32+00:00,2024-04-25 11:25:04+00:00,official
Lvivska oblast,,,oblast,2024-04-25 13:44:36+00:00,2024-04-25 14:16:35+00:00,official
Lvivska oblast,,,oblast,2024-04-26 19:58:35+00:00,2024-04-26 21:00:38+00:00,official
Lvivska oblast,,,oblast,2024-04-27 00:58:39+00:00,2024-04-27 03:02:18+00:00,official
Lvivska oblast,,,oblast,2024-05-03 12:07:45+00:00,2024-05-03 12:32:57+00:00,official
Lvivska oblast,,,oblast,2024-05-03 15:35:00+00:00,2024-05-03 16:05:51+00:00,official
Lvivska oblast,,,oblast,2024-05-03 17:35:40+00:00,2024-05-03 17:54:01+00:00,official
Lvivska oblast,,,oblast,2024-05-03 18:43:39+00:00,2024-05-03 19:34:36+00:00,official
Lvivska oblast,,,oblast,2024-05-08 00:53:10+00:00,2024-05-08 03:04:12+00:00,official
Lvivska oblast,,,oblast,2024-05-08 03:26:48+00:00,2024-05-08 03:55:21+00:00,official
Lvivska oblast,,,oblast,2024-05-11 07:54:21+00:00,2024-05-11 08:33:36+00:00,official
Lvivska oblast,,,oblast,2024-05-12 06:47:04+00:00,2024-05-12 07:15:08+00:00,official
Lvivska oblast,,,oblast,2024-05-13 09:54:11+00:00,2024-05-13 10:25:35+00:00,official
Lvivska oblast,,,oblast,2024-05-13 11:50:57+00:00,2024-05-13 12:34:33+00:00,official
Lvivska oblast,,,oblast,2024-05-13 13:44:24+00:00,2024-05-13 14:09:30+00:00,official
Lvivska oblast,,,oblast,2024-05-19 15:49:23+00:00,2024-05-19 16:07:08+00:00,official
Lvivska oblast,,,oblast,2024-05-19 23:56:37+00:00,2024-05-20 01:25:01+00:00,official
Lvivska oblast,,,oblast,2024-05-20 01:59:28+00:00,2024-05-20 03:05:42+00:00,official
Lvivska oblast,,,oblast,2024-05-20 06:59:13+00:00,2024-05-20 07:31:08+00:00,official
Lvivska oblast,,,oblast,2024-05-20 15:14:41+00:00,2024-05-20 15:49:55+00:00,official
Lvivska oblast,,,oblast,2024-05-20 17:37:40+00:00,2024-05-20 18:09:57+00:00,official
Lvivska oblast,,,oblast,2024-05-22 06:33:02+00:00,2024-05-22 06:53:34+00:00,official
Lvivska oblast,,,oblast,2024-05-22 21:27:56+00:00,2024-05-22 21:47:35+00:00,official
Lvivska oblast,,,oblast,2024-05-24 10:27:33+00:00,2024-05-24 10:46:44+00:00,official
Lvivska oblast,,,oblast,2024-05-24 17:19:36+00:00,2024-05-24 17:46:24+00:00,official
Lvivska oblast,,,oblast,2024-05-24 19:30:54+00:00,2024-05-24 19:59:23+00:00,official
Lvivska oblast,,,oblast,2024-05-26 00:30:34+00:00,2024-05-26 02:21:32+00:00,official
Lvivska oblast,,,oblast,2024-05-26 06:15:35+00:00,2024-05-26 06:46:56+00:00,official
Lvivska oblast,,,oblast,2024-05-26 07:24:54+00:00,2024-05-26 07:46:41+00:00,official
Lvivska oblast,,,oblast,2024-05-28 17:17:57+00:00,2024-05-28 17:31:58+00:00,official
Lvivska oblast,,,oblast,2024-05-29 14:34:20+00:00,2024-05-29 15:01:50+00:00,official
Lvivska oblast,,,oblast,2024-05-30 00:57:45+00:00,2024-05-30 02:13:40+00:00,official
Lvivska oblast,,,oblast,2024-05-31 02:01:02+00:00,2024-05-31 02:15:39+00:00,official
Lvivska oblast,,,oblast,2024-06-01 00:29:34+00:00,2024-06-01 03:10:49+00:00,official
Lvivska oblast,,,oblast,2024-06-01 05:39:26+00:00,2024-06-01 05:55:24+00:00,official
Lvivska oblast,,,oblast,2024-06-04 18:46:44+00:00,2024-06-04 19:15:59+00:00,official
Lvivska oblast,,,oblast,2024-06-05 04:14:30+00:00,2024-06-05 04:42:46+00:00,official
Lvivska oblast,,,oblast,2024-06-05 10:21:34+00:00,2024-06-05 10:39:54+00:00,official
Lvivska oblast,,,oblast,2024-06-05 12:36:32+00:00,2024-06-05 13:10:16+00:00,official
Lvivska oblast,,,oblast,2024-06-07 00:23:36+00:00,2024-06-07 01:55:26+00:00,official
Lvivska oblast,,,oblast,2024-06-12 00:25:16+00:00,2024-06-12 01:45:40+00:00,official
Lvivska oblast,,,oblast,2024-06-12 03:15:44+00:00,2024-06-12 03:47:51+00:00,official
Lvivska oblast,,,oblast,2024-06-14 00:04:55+00:00,2024-06-14 01:44:06+00:00,official
Lvivska oblast,,,oblast,2024-06-14 03:02:53+00:00,2024-06-14 03:47:37+00:00,official
Lvivska oblast,,,oblast,2024-06-14 07:18:19+00:00,2024-06-14 07:43:36+00:00,official
Lvivska oblast,,,oblast,2024-06-14 11:50:51+00:00,2024-06-14 12:11:51+00:00,official
Lvivska oblast,,,oblast,2024-06-14 23:14:07+00:00,2024-06-14 23:44:24+00:00,official
Lvivska oblast,,,oblast,2024-06-15 06:22:16+00:00,2024-06-15 06:38:49+00:00,official
Lvivska oblast,,,oblast,2024-06-18 23:32:44+00:00,2024-06-19 00:35:39+00:00,official
Lvivska oblast,,,oblast,2024-06-19 01:27:42+00:00,2024-06-19 02:24:47+00:00,official
Lvivska oblast,,,oblast,2024-06-19 14:16:39+00:00,2024-06-19 14:52:06+00:00,official
Lvivska oblast,,,oblast,2024-06-20 10:49:22+00:00,2024-06-20 11:20:56+00:00,official
Lvivska oblast,,,oblast,2024-06-21 10:59:04+00:00,2024-06-21 11:24:59+00:00,official
Lvivska oblast,,,oblast,2024-06-21 17:19:19+00:00,2024-06-21 17:36:11+00:00,official
Lvivska oblast,,,oblast,2024-06-21 20:39:32+00:00,2024-06-21 21:04:51+00:00,official
Lvivska oblast,,,oblast,2024-06-21 23:55:57+00:00,2024-06-22 02:04:09+00:00,official
Lvivska oblast,,,oblast,2024-06-23 02:19:47+00:00,2024-06-23 02:42:04+00:00,official
Lvivska oblast,,,oblast,2024-06-24 17:14:52+00:00,2024-06-24 17:53:18+00:00,official
Lvivska oblast,,,oblast,2024-06-24 18:45:41+00:00,2024-06-24 19:07:28+00:00,official
Lvivska oblast,,,oblast,2024-06-24 19:19:09+00:00,2024-06-24 19:34:37+00:00,official
Lvivska oblast,,,oblast,2024-06-25 14:22:27+00:00,2024-06-25 15:08:37+00:00,official
Lvivska oblast,,,oblast,2024-06-26 23:14:42+00:00,2024-06-27 00:45:20+00:00,official
Lvivska oblast,,,oblast,2024-06-29 06:56:38+00:00,2024-06-29 07:31:56+00:00,official
Lvivska oblast,,,oblast,2024-07-01 13:28:23+00:00,2024-07-01 14:18:38+00:00,official
Lvivska oblast,,,oblast,2024-07-01 20:09:39+00:00,2024-07-01 20:29:57+00:00,official
Lvivska oblast,,,oblast,2024-07-02 13:30:15+00:00,2024-07-02 14:08:06+00:00,official
Lvivska oblast,,,oblast,2024-07-04 20:43:01+00:00,2024-07-04 21:10:31+00:00,official
Lvivska oblast,,,oblast,2024-07-06 04:21:57+00:00,2024-07-06 04:47:54+00:00,official
Lvivska oblast,,,oblast,2024-07-07 23:35:59+00:00,2024-07-08 00:49:01+00:00,official
Lvivska oblast,,,oblast,2024-07-08 04:18:35+00:00,2024-07-08 04:42:28+00:00,official
Lvivska oblast,,,oblast,2024-07-08 06:54:57+00:00,2024-07-08 08:34:55+00:00,official
Lvivska oblast,,,oblast,2024-07-10 17:55:28+00:00,2024-07-10 18:21:17+00:00,official
Lvivska oblast,,,oblast,2024-07-10 22:01:14+00:00,2024-07-10 23:54:55+00:00,official
Lvivska oblast,,,oblast,2024-07-11 12:31:18+00:00,2024-07-11 12:59:58+00:00,official
Lvivska oblast,,,oblast,2024-07-11 14:29:08+00:00,2024-07-11 14:43:36+00:00,official
Lvivska oblast,,,oblast,2024-07-11 17:45:07+00:00,2024-07-11 18:29:56+00:00,official
Lvivska oblast,,,oblast,2024-07-11 19:49:30+00:00,2024-07-11 20:14:31+00:00,official
Lvivska oblast,,,oblast,2024-07-12 18:24:22+00:00,2024-07-12 18:43:51+00:00,official
Lvivska oblast,,,oblast,2024-07-13 08:18:30+00:00,2024-07-13 08:57:43+00:00,official
Lvivska oblast,,,oblast,2024-07-15 05:17:02+00:00,2024-07-15 05:41:45+00:00,official
Lvivska oblast,,,oblast,2024-07-17 18:29:14+00:00,2024-07-17 18:51:07+00:00,official
Lvivska oblast,,,oblast,2024-07-17 20:09:04+00:00,2024-07-17 20:27:33+00:00,official
Lvivska oblast,,,oblast,2024-07-22 20:55:41+00:00,2024-07-22 21:21:56+00:00,official
Lvivska oblast,,,oblast,2024-07-24 09:31:51+00:00,2024-07-24 10:11:00+00:00,official
Lvivska oblast,,,oblast,2024-07-25 21:11:15+00:00,2024-07-25 21:28:55+00:00,official
Lvivska oblast,,,oblast,2024-07-30 17:06:09+00:00,2024-07-30 17:24:12+00:00,official
Lvivska oblast,,,oblast,2024-07-30 23:38:54+00:00,2024-07-31 00:26:27+00:00,official
Lvivska oblast,,,oblast,2024-07-31 09:23:17+00:00,2024-07-31 09:41:21+00:00,official
Lvivska oblast,,,oblast,2024-08-02 07:47:26+00:00,2024-08-02 08:13:52+00:00,official
Lvivska oblast,,,oblast,2024-08-05 15:13:52+00:00,2024-08-05 15:28:33+00:00,official
Lvivska oblast,,,oblast,2024-08-06 23:38:21+00:00,2024-08-07 00:10:35+00:00,official
Lvivska oblast,,,oblast,2024-08-08 03:21:56+00:00,2024-08-08 04:02:47+00:00,official
Lvivska oblast,,,oblast,2024-08-13 04:21:21+00:00,2024-08-13 04:47:33+00:00,official
Lvivska oblast,,,oblast,2024-08-19 23:09:18+00:00,2024-08-19 23:59:23+00:00,official
Lvivska oblast,,,oblast,2024-08-26 03:10:51+00:00,2024-08-26 08:11:58+00:00,official
Lvivska oblast,,,oblast,2024-08-27 00:17:50+00:00,2024-08-27 01:08:51+00:00,official
Lvivska oblast,,,oblast,2024-08-27 02:04:50+00:00,2024-08-27 03:56:40+00:00,official
Lvivska oblast,,,oblast,2024-09-02 01:56:34+00:00,2024-09-02 03:12:45+00:00,official
Lvivska oblast,,,oblast,2024-09-04 00:57:48+00:00,2024-09-04 04:38:00+00:00,official
Lvivska oblast,,,oblast,2024-09-05 09:16:28+00:00,2024-09-05 09:47:57+00:00,official
Lvivska oblast,,,oblast,2024-09-05 22:10:29+00:00,2024-09-05 23:05:16+00:00,official
Lvivska oblast,,,oblast,2024-09-05 23:43:52+00:00,2024-09-06 00:25:05+00:00,official
Lvivska oblast,,,oblast,2024-09-06 23:53:11+00:00,2024-09-07 00:26:06+00:00,official
Lvivska oblast,,,oblast,2024-09-17 09:01:01+00:00,2024-09-17 09:57:58+00:00,official
Lvivska oblast,,,oblast,2024-09-20 00:56:27+00:00,2024-09-20 01:31:52+00:00,official
Lvivska oblast,,,oblast,2024-09-20 18:19:12+00:00,2024-09-20 18:52:40+00:00,official
Lvivska oblast,,,oblast,2024-09-26 06:59:47+00:00,2024-09-26 07:34:17+00:00,official
Lvivska oblast,,,oblast,2024-09-26 07:48:38+00:00,2024-09-26 08:17:34+00:00,official
Lvivska oblast,,,oblast,2024-09-26 08:36:34+00:00,2024-09-26 09:12:01+00:00,official
Lvivska oblast,,,oblast,2024-09-27 13:57:14+00:00,2024-09-27 14:37:00+00:00,official
Lvivska oblast,,,oblast,2024-10-07 05:28:42+00:00,2024-10-07 06:00:31+00:00,official
Lvivska oblast,,,oblast,2024-10-11 20:21:21+00:00,2024-10-11 20:56:25+00:00,official
Lvivska oblast,,,oblast,2024-10-15 07:59:15+00:00,2024-10-15 08:30:31+00:00,official
Lvivska oblast,,,oblast,2024-10-19 21:24:45+00:00,2024-10-19 22:22:47+00:00,official
Lvivska oblast,,,oblast,2024-10-21 09:17:45+00:00,2024-10-21 09:50:19+00:00,official
Lvivska oblast,,,oblast,2024-10-24 23:25:34+00:00,2024-10-25 01:13:14+00:00,official
Lvivska oblast,,,oblast,2024-10-25 08:29:43+00:00,2024-10-25 08:56:02+00:00,official
Lvivska oblast,,,oblast,2024-10-28 02:30:53+00:00,2024-10-28 03:21:33+00:00,official
Lvivska oblast,,,oblast,2024-11-06 12:09:20+00:00,2024-11-06 12:33:22+00:00,official
Lvivska oblast,,,oblast,2024-11-09 00:58:37+00:00,2024-11-09 01:58:19+00:00,official
Lvivska oblast,,,oblast,2024-11-13 04:49:14+00:00,2024-11-13 06:32:34+00:00,official
Lvivska oblast,,,oblast,2024-11-17 01:09:47+00:00,2024-11-17 02:42:31+00:00,official
Lvivska oblast,,,oblast,2024-11-17 04:37:37+00:00,2024-11-17 07:25:06+00:00,official
Lvivska oblast,,,oblast,2024-11-18 15:37:29+00:00,2024-11-18 15:59:45+00:00,official
Lvivska oblast,,,oblast,2024-11-21 03:04:15+00:00,2024-11-21 05:38:35+00:00,official
Lvivska oblast,,,oblast,2024-11-21 13:07:50+00:00,2024-11-21 13:31:43+00:00,official
Lvivska oblast,,,oblast,2024-11-25 23:31:46+00:00,2024-11-25 23:53:34+00:00,official
Lvivska oblast,,,oblast,2024-11-26 13:44:01+00:00,2024-11-26 14:10:18+00:00,official
Lvivska oblast,,,oblast,2024-11-27 11:03:06+00:00,2024-11-27 11:22:22+00:00,official
Lvivska oblast,,,oblast,2024-11-28 03:18:19+00:00,2024-11-28 07:15:35+00:00,official
Lvivska oblast,,,oblast,2024-12-03 01:11:34+00:00,2024-12-03 02:05:43+00:00,official
Lvivska oblast,,,oblast,2024-12-03 08:28:33+00:00,2024-12-03 09:05:23+00:00,official
Lvivska oblast,,,oblast,2024-12-06 11:38:20+00:00,2024-12-06 12:08:49+00:00,official
Lvivska oblast,,,oblast,2024-12-13 04:48:06+00:00,2024-12-13 07:57:05+00:00,official
Lvivska oblast,,,oblast,2024-12-14 07:27:23+00:00,2024-12-14 07:55:48+00:00,official
Lvivska oblast,,,oblast,2024-12-20 04:36:54+00:00,2024-12-20 05:41:15+00:00,official
Lvivska oblast,,,oblast,2024-12-20 10:15:18+00:00,2024-12-20 10:37:28+00:00,official
Lvivska oblast,,,oblast,2024-12-21 08:32:20+00:00,2024-12-21 09:02:44+00:00,official
Lvivska oblast,,,oblast,2024-12-23 15:59:19+00:00,2024-12-23 16:20:26+00:00,official
Lvivska oblast,,,oblast,2024-12-25 03:39:49+00:00,2024-12-25 06:20:37+00:00,official
Lvivska oblast,,,oblast,2024-12-25 08:06:13+00:00,2024-12-25 08:19:58+00:00,official
Lvivska oblast,,,oblast,2024-12-31 05:57:25+00:00,2024-12-31 07:19:45+00:00,official
Lvivska oblast,,,oblast,2025-01-02 12:17:16+00:00,2025-01-02 12:50:25+00:00,official
Lvivska oblast,,,oblast,2025-01-03 11:40:15+00:00,2025-01-03 12:09:19+00:00,official
Lvivska oblast,,,oblast,2025-01-03 14:24:24+00:00,2025-01-03 14:42:32+00:00,official
Lvivska oblast,,,oblast,2025-01-03 14:43:22+00:00,2025-01-03 14:57:55+00:00,official
Lvivska oblast,,,oblast,2025-01-08 08:35:34+00:00,2025-01-08 09:03:04+00:00,official
Lvivska oblast,,,oblast,2025-01-12 11:57:21+00:00,2025-01-12 12:24:26+00:00,official
Lvivska oblast,,,oblast,2025-01-14 23:35:02+00:00,2025-01-15 00:48:33+00:00,official
Lvivska oblast,,,oblast,2025-01-15 04:11:49+00:00,2025-01-15 06:12:25+00:00,official
Lvivska oblast,,,oblast,2025-01-24 02:24:31+00:00,2025-01-24 04:26:37+00:00,official
Lvivska oblast,,,oblast,2025-01-27 03:33:47+00:00,2025-01-27 04:25:23+00:00,official
Lvivska oblast,,,oblast,2025-01-28 09:20:30+00:00,2025-01-28 09:34:15+00:00,official
Lvivska oblast,,,oblast,2025-02-01 04:51:13+00:00,2025-02-01 07:15:10+00:00,official
Lvivska oblast,,,oblast,2025-02-06 08:33:06+00:00,2025-02-06 09:04:06+00:00,official
Lvivska oblast,,,oblast,2025-02-11 04:39:17+00:00,2025-02-11 04:51:37+00:00,official
Lvivska oblast,,,oblast,2025-02-20 04:20:34+00:00,2025-02-20 04:39:22+00:00,official
Lvivska oblast,,,oblast,2025-02-24 09:08:46+00:00,2025-02-24 09:33:13+00:00,official
Lvivska oblast,,,oblast,2025-02-25 03:53:50+00:00,2025-02-25 05:28:34+00:00,official
Lvivska oblast,,,oblast,2025-03-03 09:45:19+00:00,2025-03-03 10:08:02+00:00,official
Lvivska oblast,,,oblast,2025-03-06 15:21:00+00:00,2025-03-06 15:39:41+00:00,official
Lvivska oblast,,,oblast,2025-03-07 01:58:33+00:00,2025-03-07 05:28:32+00:00,official
Lvivska oblast,,,oblast,2025-03-13 10:35:45+00:00,2025-03-13 10:52:26+00:00,official
Lvivska oblast,,,oblast,2025-03-14 15:55:09+00:00,2025-03-14 16:14:02+00:00,official
Lvivska oblast,,,oblast,2025-04-03 11:00:35+00:00,2025-04-03 11:24:05+00:00,official
Lvivska oblast,,,oblast,2025-04-05 22:56:00+00:00,2025-04-06 00:39:04+00:00,official
Lvivska oblast,,,oblast,2025-04-06 01:59:43+00:00,2025-04-06 04:03:20+00:00,official
Lvivska oblast,,,oblast,2025-04-09 14:27:17+00:00,2025-04-09 14:49:19+00:00,official
Lvivska oblast,,,oblast,2025-04-17 10:42:15+00:00,2025-04-17 11:03:38+00:00,official
Lvivska oblast,,,oblast,2025-04-18 11:14:50+00:00,2025-04-18 11:31:58+00:00,official
Lvivska oblast,,,oblast,2025-04-23 21:42:27+00:00,2025-04-24 03:15:23+00:00,official
Lvivska oblast,,,oblast,2025-04-30 00:22:14+00:00,2025-04-30 01:50:16+00:00,official
Lvivska oblast,,,oblast,2025-04-30 07:14:17+00:00,2025-04-30 08:14:34+00:00,official
Lvivska oblast,,,oblast,2025-05-13 16:36:20+00:00,2025-05-13 17:09:16+00:00,official
Lvivska oblast,,,oblast,2025-05-15 02:20:06+00:00,2025-05-15 03:07:01+00:00,official
Lvivska oblast,,,oblast,2025-05-23 12:37:17+00:00,2025-05-23 12:55:37+00:00,official
Lvivska oblast,,,oblast,2025-05-24 23:13:31+00:00,2025-05-25 01:34:38+00:00,official
Lvivska oblast,,,oblast,2025-05-26 01:13:00+00:00,2025-05-26 02:43:37+00:00,official
Lvivska oblast,,,oblast,2025-05-27 06:31:43+00:00,2025-05-27 06:40:15+00:00,official
Lvivska oblast,,,oblast,2025-06-03 06:51:15+00:00,2025-06-03 07:23:20+00:00,official
Lvivska oblast,,,oblast,2025-06-03 11:24:20+00:00,2025-06-03 11:53:26+00:00,official
Lvivska oblast,,,oblast,2025-06-03 12:29:54+00:00,2025-06-03 12:52:56+00:00,official
Lvivska oblast,,,oblast,2025-06-05 21:55:41+00:00,2025-06-06 02:00:39+00:00,official
Lvivska oblast,,,oblast,2025-06-09 00:01:05+00:00,2025-06-09 02:22:28+00:00,official
Lvivska oblast,,,oblast,2025-06-09 05:56:15+00:00,2025-06-09 06:32:06+00:00,official
Lvivska oblast,,,oblast,2025-06-14 23:10:34+00:00,2025-06-14 23:40:56+00:00,official
Lvivska oblast,,,oblast,2025-06-16 22:28:19+00:00,2025-06-17 01:17:54+00:00,official
Lvivska oblast,,,oblast,2025-06-18 08:42:19+00:00,2025-06-18 09:01:33+00:00,official
Lvivska oblast,,,oblast,2025-06-21 00:19:09+00:00,2025-06-21 01:10:10+00:00,official
Lvivska oblast,,,oblast,2025-06-26 22:00:33+00:00,2025-06-26 22:28:38+00:00,official
Lvivska oblast,,,oblast,2025-06-27 00:46:10+00:00,2025-06-27 01:24:12+00:00,official
Lvivska oblast,,,oblast,2025-06-28 22:16:27+00:00,2025-06-29 02:06:04+00:00,official
Lvivska oblast,,,oblast,2025-07-03 21:23:14+00:00,2025-07-03 21:58:00+00:00,official
Lvivska oblast,,,oblast,2025-07-05 14:37:14+00:00,2025-07-05 15:17:34+00:00,official
Lvivska oblast,,,oblast,2025-07-05 18:47:08+00:00,2025-07-05 19:06:33+00:00,official
Lvivska oblast,,,oblast,2025-07-08 19:51:35+00:00,2025-07-08 20:31:03+00:00,official
Lvivska oblast,,,oblast,2025-07-08 22:55:16+00:00,2025-07-09 02:43:56+00:00,official
Lvivska oblast,,,oblast,2025-07-09 19:26:31+00:00,2025-07-09 21:46:44+00:00,official
Lvivska oblast,,,oblast,2025-07-10 10:03:03+00:00,2025-07-10 12:05:32+00:00,official
Lvivska oblast,,,oblast,2025-07-10 12:21:26+00:00,2025-07-10 13:07:47+00:00,official
Lvivska oblast,,,oblast,2025-07-11 23:33:38+00:00,2025-07-12 02:05:44+00:00,official
Lvivska oblast,,,oblast,2025-07-12 17:29:46+00:00,2025-07-12 19:03:43+00:00,official
Lvivska oblast,,,oblast,2025-07-14 11:17:56+00:00,2025-07-14 11:31:18+00:00,official
Lvivska oblast,,,oblast,2025-07-15 10:59:01+00:00,2025-07-15 11:15:22+00:00,official
Lvivska oblast,,,oblast,2025-07-15 13:00:42+00:00,2025-07-15 13:20:15+00:00,official
Lvivska oblast,,,oblast,2025-07-18 20:46:28+00:00,2025-07-18 21:16:01+00:00,official
Lvivska oblast,,,oblast,2025-07-18 22:14:14+00:00,2025-07-18 23:11:09+00:00,official
Lvivska oblast,,,oblast,2025-07-19 01:12:26+00:00,2025-07-19 02:27:38+00:00,official
Lvivska oblast,,,oblast,2025-07-20 21:22:55+00:00,2025-07-20 21:54:50+00:00,official
Lvivska oblast,,,oblast,2025-07-20 23:58:55+00:00,2025-07-21 02:49:43+00:00,official
Lvivska oblast,,,oblast,2025-07-21 02:53:24+00:00,2025-07-21 03:19:18+00:00,official
Lvivska oblast,,,oblast,2025-07-21 03:44:52+00:00,2025-07-21 04:22:46+00:00,official
Lvivska oblast,,,oblast,2025-07-21 04:34:53+00:00,2025-07-21 04:45:48+00:00,official
Lvivska oblast,,,oblast,2025-07-24 12:47:41+00:00,2025-07-24 13:10:07+00:00,official
Lvivska oblast,,,oblast,2025-07-25 10:50:44+00:00,2025-07-25 11:05:21+00:00,official
Lvivska oblast,,,oblast,2025-07-28 00:59:06+00:00,2025-07-28 01:42:34+00:00,official
Lvivska oblast,,,oblast,2025-07-28 04:52:03+00:00,2025-07-28 05:20:47+00:00,official
Lvivska oblast,,,oblast,2025-07-28 05:47:47+00:00,2025-07-28 06:14:56+00:00,official
Lvivska oblast,,,oblast,2025-07-30 12:57:45+00:00,2025-07-30 13:25:39+00:00,official
Lvivska oblast,,,oblast,2025-07-31 10:57:06+00:00,2025-07-31 11:12:39+00:00,official
Lvivska oblast,,,oblast,2025-07-31 18:09:55+00:00,2025-07-31 18:23:59+00:00,official
Lvivska oblast,,,oblast,2025-08-02 15:20:21+00:00,2025-08-02 15:45:03+00:00,official
Lvivska oblast,,,oblast,2025-08-04 05:55:33+00:00,2025-08-04 06:37:57+00:00,official
Lvivska oblast,,,oblast,2025-08-04 07:02:40+00:00,2025-08-04 07:28:43+00:00,official
Lvivska oblast,,,oblast,2025-08-04 08:46:31+00:00,2025-08-04 09:12:55+00:00,official
Lvivska oblast,,,oblast,2025-08-11 10:53:37+00:00,2025-08-11 11:08:07+00:00,official
Lvivska oblast,,,oblast,2025-08-15 16:32:28+00:00,2025-08-15 16:44:27+00:00,official
Lvivska oblast,,,oblast,2025-08-18 16:21:30+00:00,2025-08-18 16:38:17+00:00,official
Lvivska oblast,,,oblast,2025-08-19 21:20:03+00:00,2025-08-19 22:25:48+00:00,official
Lvivska oblast,,,oblast,2025-08-20 09:20:25+00:00,2025-08-20 09:47:28+00:00,official
Lvivska oblast,,,oblast,2025-08-20 23:50:11+00:00,2025-08-21 03:47:56+00:00,official
Lvivska oblast,,,oblast,2025-08-27 23:17:05+00:00,2025-08-27 23:26:43+00:00,official
Lvivska oblast,,,oblast,2025-08-28 00:24:04+00:00,2025-08-28 02:13:37+00:00,official
Lvivska oblast,,,oblast,2025-08-28 02:30:24+00:00,2025-08-28 03:19:54+00:00,official
Lvivska oblast,,,oblast,2025-08-29 23:48:58+00:00,2025-08-30 03:08:03+00:00,official
Lvivska oblast,,,oblast,2025-09-01 07:19:00+00:00,2025-09-01 07:40:44+00:00,official
Lvivska oblast,,,oblast,2025-09-02 21:45:15+00:00,2025-09-03 00:43:54+00:00,official
Lvivska oblast,Lvivskyi raion,,raion,2025-09-03 01:42:40+00:00,2025-09-03 03:45:38+00:00,official
Lvivska oblast,,,oblast,2025-09-06 11:34:07+00:00,2025-09-06 11:54:23+00:00,official
Lvivska oblast,,,oblast,2025-09-07 03:04:27+00:00,2025-09-07 03:35:28+00:00,official
Lvivska oblast,Lvivskyi raion,,raion,2025-09-09 23:06:57+00:00,2025-09-10 01:25:29+00:00,official
Lvivska oblast,,,oblast,2025-09-10 02:36:21+00:00,2025-09-10 04:08:44+00:00,official
Lvivska oblast,,,oblast,2025-09-11 07:59:08+00:00,2025-09-11 08:14:32+00:00,official
Lvivska oblast,,,oblast,2025-09-20 02:46:10+00:00,2025-09-20 03:54:18+00:00,official
Lvivska oblast,,,oblast,2025-09-27 23:27:21+00:00,2025-09-28 00:07:55+00:00,official
Lvivska oblast,,,oblast,2025-09-28 02:36:34+00:00,2025-09-28 03:52:39+00:00,official
Lvivska oblast,,,oblast,2025-10-03 17:44:36+00:00,2025-10-03 18:15:54+00:00,official
Lvivska oblast,,,oblast,2025-10-05 00:50:20+00:00,2025-10-05 06:00:15+00:00,official
Lvivska oblast,,,oblast,2025-10-10 01:53:04+00:00,2025-10-10 02:51:14+00:00,official
Lvivska oblast,,,oblast,2025-10-10 03:24:10+00:00,2025-10-10 03:57:45+00:00,official
Lvivska oblast,,,oblast,2025-10-14 08:27:29+00:00,2025-10-14 08:50:49+00:00,official
Lvivska oblast,,,oblast,2025-10-16 02:19:15+00:00,2025-10-16 03:02:02+00:00,official
Lvivska oblast,,,oblast,2025-10-16 03:19:30+00:00,2025-10-16 03:44:01+00:00,official
Lvivska oblast,,,oblast,2025-10-20 09:19:35+00:00,2025-10-20 09:44:07+00:00,official
Lvivska oblast,,,oblast,2025-10-22 04:03:03+00:00,2025-10-22 06:19:33+00:00,official
Lvivska oblast,,,oblast,2025-10-25 01:03:19+00:00,2025-10-25 01:29:02+00:00,official
Lvivska oblast,,,oblast,2025-10-27 16:35:47+00:00,2025-10-27 16:52:15+00:00,official
Lvivska oblast,,,oblast,2025-10-30 02:28:28+00:00,2025-10-30 08:02:34+00:00,official
Lvivska oblast,,,oblast,2025-11-02 21:36:32+00:00,2025-11-02 22:07:33+00:00,official
Lvivska oblast,Lvivskyi raion,,raion,2025-11-06 09:05:00+00:00,2025-11-06 09:27:17+00:00,official
Lvivska oblast,Lvivskyi raion,,raion,2025-11-06 14:44:14+00:00,2025-11-06 15:03:36+00:00,official
Lvivska oblast,Lvivskyi raion,,raion,2025-11-07 21:25:55+00:00,2025-11-07 22:17:58+00:00,official
Lvivska oblast,Lvivskyi raion,,raion,2025-11-09 22:34:50+00:00,2025-11-09 23:00:10+00:00,official
Lvivska oblast,Lvivskyi raion,,raion,2025-11-13 22:29:31+00:00,2025-11-13 23:22:45+00:00,official
Lvivska oblast,Lvivskyi raion,,raion,2025-11-14 19:23:21+00:00,2025-11-14 19:51:35+00:00,official
